antecedents,consequents,support,confidence,lift
"frozenset({'yogurt', 'whole milk'})",frozenset({'sausage'}),0.0014702933903628951,0.1317365269461078,2.1829165589087607
frozenset({'sausage'}),"frozenset({'yogurt', 'whole milk'})",0.0014702933903628951,0.024363233665559245,2.1829165589087607
"frozenset({'whole milk', 'sausage'})",frozenset({'yogurt'}),0.0014702933903628951,0.16417910447761194,1.9117602648237413
frozenset({'yogurt'}),"frozenset({'whole milk', 'sausage'})",0.0014702933903628951,0.017120622568093383,1.911760264823741
frozenset({'specialty chocolate'}),frozenset({'citrus fruit'}),0.001403461872619127,0.08786610878661087,1.6537617431120233
frozenset({'citrus fruit'}),frozenset({'specialty chocolate'}),0.001403461872619127,0.02641509433962264,1.6537617431120233
"frozenset({'yogurt', 'sausage'})",frozenset({'whole milk'}),0.0014702933903628951,0.2558139534883721,1.6198663504217148
frozenset({'whole milk'}),"frozenset({'yogurt', 'sausage'})",0.0014702933903628951,0.009310198899703767,1.6198663504217146
frozenset({'tropical fruit'}),frozenset({'flour'}),0.0010693042839002875,0.01577909270216963,1.6171408500175628
frozenset({'flour'}),frozenset({'tropical fruit'}),0.0010693042839002875,0.10958904109589042,1.6171408500175626
frozenset({'beverages'}),frozenset({'sausage'}),0.0015371249081066632,0.09274193548387098,1.5367636551995143
frozenset({'sausage'}),frozenset({'beverages'}),0.0015371249081066632,0.02547065337763012,1.536763655199514
frozenset({'sausage'}),"frozenset({'soda', 'whole milk'})",0.0010693042839002875,0.017718715393134,1.5237076921118624
"frozenset({'soda', 'whole milk'})",frozenset({'sausage'}),0.0010693042839002875,0.09195402298850576,1.5237076921118622
frozenset({'napkins'}),frozenset({'pastry'}),0.0017376194613379669,0.07854984894259819,1.5185289272972826
frozenset({'pastry'}),frozenset({'napkins'}),0.0017376194613379669,0.03359173126614987,1.5185289272972826
frozenset({'root vegetables'}),frozenset({'processed cheese'}),0.0010693042839002875,0.015369836695485112,1.5130188583851563
frozenset({'processed cheese'}),frozenset({'root vegetables'}),0.0010693042839002875,0.10526315789473686,1.5130188583851563
frozenset({'pip fruit'}),frozenset({'hard cheese'}),0.0010693042839002875,0.021798365122615806,1.4825860787713652
frozenset({'hard cheese'}),frozenset({'pip fruit'}),0.0010693042839002875,0.07272727272727274,1.482586078771365
frozenset({'yogurt'}),frozenset({'soft cheese'}),0.0012697988371315912,0.014785992217898832,1.4749520103761349
frozenset({'soft cheese'}),frozenset({'yogurt'}),0.0012697988371315912,0.12666666666666665,1.4749520103761347
frozenset({'curd'}),frozenset({'sausage'}),0.0029405867807257902,0.08730158730158731,1.446615338641917
frozenset({'sausage'}),frozenset({'curd'}),0.0029405867807257902,0.04872646733111849,1.4466153386419167
frozenset({'yogurt'}),frozenset({'detergent'}),0.0010693042839002875,0.012451361867704281,1.4442614544686756
frozenset({'detergent'}),frozenset({'yogurt'}),0.0010693042839002875,0.12403100775193798,1.4442614544686756
frozenset({'sugar'}),frozenset({'bottled water'}),0.0014702933903628951,0.0830188679245283,1.368074141800349
frozenset({'bottled water'}),frozenset({'sugar'}),0.0014702933903628951,0.024229074889867842,1.368074141800349
frozenset({'white bread'}),frozenset({'canned beer'}),0.0015371249081066632,0.06406685236768803,1.3655730939853503
frozenset({'canned beer'}),frozenset({'white bread'}),0.0015371249081066632,0.03276353276353276,1.3655730939853503
frozenset({'brown bread'}),frozenset({'canned beer'}),0.0024059346387756467,0.06394316163410303,1.3629366489046777
frozenset({'canned beer'}),frozenset({'brown bread'}),0.0024059346387756467,0.05128205128205129,1.3629366489046775
frozenset({'chewing gum'}),frozenset({'yogurt'}),0.001403461872619127,0.11666666666666667,1.358508430609598
frozenset({'yogurt'}),frozenset({'chewing gum'}),0.001403461872619127,0.016342412451361865,1.3585084306095978
frozenset({'sausage'}),"frozenset({'rolls/buns', 'whole milk'})",0.0011361358016440553,0.018826135105204873,1.3478251654506244
"frozenset({'rolls/buns', 'whole milk'})",frozenset({'sausage'}),0.0011361358016440553,0.08133971291866028,1.3478251654506244
"frozenset({'rolls/buns', 'sausage'})",frozenset({'whole milk'}),0.0011361358016440553,0.2125,1.345593525179856
frozenset({'whole milk'}),"frozenset({'rolls/buns', 'sausage'})",0.0011361358016440553,0.007194244604316547,1.345593525179856
frozenset({'sausage'}),frozenset({'sliced cheese'}),0.0011361358016440553,0.018826135105204873,1.34140695037705
frozenset({'sliced cheese'}),frozenset({'sausage'}),0.0011361358016440553,0.08095238095238094,1.3414069503770498
frozenset({'beef'}),frozenset({'frozen vegetables'}),0.0012697988371315912,0.03740157480314961,1.3356557608103283
frozenset({'frozen vegetables'}),frozenset({'beef'}),0.0012697988371315912,0.045346062052505964,1.3356557608103283
frozenset({'margarine'}),frozenset({'frankfurter'}),0.001603956425850431,0.04979253112033195,1.318664855138986
frozenset({'frankfurter'}),frozenset({'margarine'}),0.001603956425850431,0.04247787610619469,1.3186648551389857
frozenset({'processed cheese'}),frozenset({'rolls/buns'}),0.0014702933903628951,0.14473684210526316,1.315733516659206
frozenset({'rolls/buns'}),frozenset({'processed cheese'}),0.0014702933903628951,0.013365735115431349,1.3157335166592057
frozenset({'candy'}),frozenset({'citrus fruit'}),0.0010024727661565194,0.06976744186046512,1.3131197893813076
frozenset({'citrus fruit'}),frozenset({'candy'}),0.0010024727661565194,0.018867924528301886,1.3131197893813076
frozenset({'packaged fruit/vegetables'}),frozenset({'rolls/buns'}),0.0012029673193878234,0.14173228346456695,1.2884205087972755
frozenset({'rolls/buns'}),frozenset({'packaged fruit/vegetables'}),0.0012029673193878234,0.010935601458080195,1.2884205087972753
frozenset({'rolls/buns'}),frozenset({'seasonal products'}),0.0010024727661565194,0.00911300121506683,1.2863946903872168
frozenset({'seasonal products'}),frozenset({'rolls/buns'}),0.0010024727661565194,0.14150943396226415,1.2863946903872165
frozenset({'margarine'}),frozenset({'beef'}),0.001403461872619127,0.043568464730290454,1.2832971215734963
frozenset({'beef'}),frozenset({'margarine'}),0.001403461872619127,0.04133858267716536,1.2832971215734963
frozenset({'newspapers'}),frozenset({'beef'}),0.001670787943594199,0.0429553264604811,1.2652373028113755
frozenset({'beef'}),frozenset({'newspapers'}),0.001670787943594199,0.04921259842519685,1.2652373028113755
frozenset({'curd'}),frozenset({'dessert'}),0.0010024727661565194,0.029761904761904764,1.2615506542560369
frozenset({'dessert'}),frozenset({'curd'}),0.0010024727661565194,0.042492917847025496,1.2615506542560369
frozenset({'frozen meals'}),frozenset({'sausage'}),0.0012697988371315912,0.07569721115537849,1.2543270991339184
frozenset({'sausage'}),frozenset({'frozen meals'}),0.0012697988371315912,0.02104097452934662,1.2543270991339182
frozenset({'yogurt'}),frozenset({'herbs'}),0.0011361358016440553,0.013229571984435798,1.2528739595133724
frozenset({'herbs'}),frozenset({'yogurt'}),0.0011361358016440553,0.10759493670886075,1.2528739595133722
frozenset({'tropical fruit'}),frozenset({'cat food'}),0.0010024727661565194,0.014792899408284025,1.250543242068666
frozenset({'cat food'}),frozenset({'tropical fruit'}),0.0010024727661565194,0.08474576271186442,1.250543242068666
frozenset({'oil'}),frozenset({'soda'}),0.001804450979081735,0.12107623318385649,1.246843549298035
frozenset({'soda'}),frozenset({'oil'}),0.001804450979081735,0.01858224363386098,1.246843549298035
frozenset({'margarine'}),frozenset({'butter'}),0.001403461872619127,0.043568464730290454,1.2370302424275825
frozenset({'butter'}),frozenset({'margarine'}),0.001403461872619127,0.039848197343453504,1.2370302424275825
frozenset({'specialty chocolate'}),frozenset({'tropical fruit'}),0.0013366303548753592,0.08368200836820083,1.2348460465615279
frozenset({'tropical fruit'}),frozenset({'specialty chocolate'}),0.0013366303548753592,0.019723865877712035,1.2348460465615279
frozenset({'root vegetables'}),frozenset({'sliced cheese'}),0.0012029673193878234,0.01729106628242075,1.2320296418279129
frozenset({'sliced cheese'}),frozenset({'root vegetables'}),0.0012029673193878234,0.08571428571428572,1.2320296418279126
frozenset({'coffee'}),frozenset({'frankfurter'}),0.0014702933903628951,0.046511627906976744,1.231776085614324
frozenset({'frankfurter'}),frozenset({'coffee'}),0.0014702933903628951,0.03893805309734514,1.231776085614324
"frozenset({'whole milk', 'sausage'})",frozenset({'soda'}),0.0010693042839002875,0.11940298507462688,1.2296124333596987
frozenset({'soda'}),"frozenset({'whole milk', 'sausage'})",0.0010693042839002875,0.011011699931176877,1.2296124333596985
frozenset({'sausage'}),frozenset({'grapes'}),0.0010693042839002875,0.017718715393134,1.2274311964234448
frozenset({'grapes'}),frozenset({'sausage'}),0.0010693042839002875,0.07407407407407408,1.2274311964234446
frozenset({'sausage'}),frozenset({'frozen vegetables'}),0.0020717770500568067,0.03433001107419712,1.2259664813919129
frozenset({'frozen vegetables'}),frozenset({'sausage'}),0.0020717770500568067,0.07398568019093078,1.2259664813919129
frozenset({'bottled beer'}),frozenset({'sausage'}),0.003341575887188398,0.07374631268436578,1.2220000849348451
frozenset({'sausage'}),frozenset({'bottled beer'}),0.003341575887188398,0.05537098560354374,1.2220000849348451
frozenset({'curd'}),frozenset({'chicken'}),0.0011361358016440553,0.033730158730158735,1.2103222184157438
frozenset({'chicken'}),frozenset({'curd'}),0.0011361358016440553,0.0407673860911271,1.2103222184157438
frozenset({'whipped/sour cream'}),frozenset({'onions'}),0.0010693042839002875,0.02446483180428135,1.2081428326318873
frozenset({'onions'}),frozenset({'whipped/sour cream'}),0.0010693042839002875,0.05280528052805281,1.2081428326318873
frozenset({'beef'}),frozenset({'brown bread'}),0.0015371249081066632,0.045275590551181105,1.2033013524286376
frozenset({'brown bread'}),frozenset({'beef'}),0.0015371249081066632,0.04085257548845471,1.2033013524286376
frozenset({'butter milk'}),frozenset({'shopping bags'}),0.0010024727661565194,0.057034220532319393,1.1985997778442348
frozenset({'shopping bags'}),frozenset({'butter milk'}),0.0010024727661565194,0.021067415730337078,1.1985997778442345
frozenset({'brown bread'}),frozenset({'pork'}),0.001670787943594199,0.044404973357015994,1.1971740834973519
frozenset({'pork'}),frozenset({'brown bread'}),0.001670787943594199,0.04504504504504505,1.1971740834973519
frozenset({'domestic eggs'}),frozenset({'coffee'}),0.001403461872619127,0.03783783783783784,1.1969716016227645
frozenset({'coffee'}),frozenset({'domestic eggs'}),0.001403461872619127,0.04439746300211416,1.1969716016227643
frozenset({'napkins'}),frozenset({'citrus fruit'}),0.001403461872619127,0.0634441087613293,1.1941059111896482
frozenset({'citrus fruit'}),frozenset({'napkins'}),0.001403461872619127,0.02641509433962264,1.1941059111896482
frozenset({'fruit/vegetable juice'}),frozenset({'butter'}),0.001403461872619127,0.0412573673870334,1.1714117423381039
frozenset({'butter'}),frozenset({'fruit/vegetable juice'}),0.001403461872619127,0.039848197343453504,1.1714117423381039
frozenset({'soda'}),frozenset({'beverages'}),0.001871282496825503,0.019270474879559536,1.1626778855760054
frozenset({'beverages'}),frozenset({'soda'}),0.001871282496825503,0.11290322580645162,1.1626778855760054
frozenset({'red/blush wine'}),frozenset({'rolls/buns'}),0.0013366303548753592,0.12738853503184713,1.158028341240297
frozenset({'rolls/buns'}),frozenset({'red/blush wine'}),0.0013366303548753592,0.012150668286755772,1.1580283412402967
frozenset({'chocolate'}),frozenset({'pip fruit'}),0.0013366303548753592,0.056657223796033995,1.1549891548502134
frozenset({'pip fruit'}),frozenset({'chocolate'}),0.0013366303548753592,0.027247956403269755,1.1549891548502134
frozenset({'rolls/buns'}),"frozenset({'whole milk', 'sausage'})",0.0011361358016440553,0.010328068043742407,1.1532752398396837
"frozenset({'whole milk', 'sausage'})",frozenset({'rolls/buns'}),0.0011361358016440553,0.12686567164179105,1.1532752398396837
"frozenset({'rolls/buns', 'soda'})",frozenset({'other vegetables'}),0.0011361358016440553,0.14049586776859505,1.150651160055549
frozenset({'other vegetables'}),"frozenset({'rolls/buns', 'soda'})",0.0011361358016440553,0.009304871373836891,1.1506511600555487
frozenset({'meat'}),frozenset({'root vegetables'}),0.0013366303548753592,0.07936507936507937,1.140768186877697
frozenset({'root vegetables'}),frozenset({'meat'}),0.0013366303548753592,0.019212295869356386,1.1407681868776969
"frozenset({'soda', 'sausage'})",frozenset({'whole milk'}),0.0010693042839002875,0.17977528089887643,1.138373901011379
frozenset({'whole milk'}),"frozenset({'soda', 'sausage'})",0.0010693042839002875,0.006771053745239104,1.138373901011379
frozenset({'salty snack'}),frozenset({'canned beer'}),0.0010024727661565194,0.053380782918149475,1.137801502570186
frozenset({'canned beer'}),frozenset({'salty snack'}),0.0010024727661565194,0.021367521367521368,1.137801502570186
frozenset({'whipped/sour cream'}),frozenset({'curd'}),0.001670787943594199,0.03822629969418961,1.1348811950876174
frozenset({'curd'}),frozenset({'whipped/sour cream'}),0.001670787943594199,0.04960317460317461,1.1348811950876172
frozenset({'white bread'}),frozenset({'domestic eggs'}),0.0010024727661565194,0.04178272980501393,1.126477452382745
frozenset({'domestic eggs'}),frozenset({'white bread'}),0.0010024727661565194,0.02702702702702703,1.126477452382745
frozenset({'sausage'}),frozenset({'misc. beverages'}),0.0010693042839002875,0.017718715393134,1.1234116035062036
frozenset({'misc. beverages'}),frozenset({'sausage'}),0.0010693042839002875,0.06779661016949153,1.1234116035062034
frozenset({'frankfurter'}),frozenset({'cream cheese '}),0.0010024727661565194,0.026548672566371685,1.1221688915554224
frozenset({'cream cheese '}),frozenset({'frankfurter'}),0.0010024727661565194,0.04237288135593221,1.1221688915554224
frozenset({'pork'}),frozenset({'margarine'}),0.0013366303548753592,0.036036036036036036,1.1186871518821726
frozenset({'margarine'}),frozenset({'pork'}),0.0013366303548753592,0.04149377593360996,1.1186871518821726
frozenset({'chicken'}),frozenset({'margarine'}),0.0010024727661565194,0.03597122302158274,1.1166751246305862
frozenset({'margarine'}),frozenset({'chicken'}),0.0010024727661565194,0.03112033195020747,1.1166751246305862
frozenset({'frankfurter'}),frozenset({'other vegetables'}),0.005146026866270133,0.13628318584070798,1.1161495948191098
frozenset({'other vegetables'}),frozenset({'frankfurter'}),0.005146026866270133,0.042145593869731796,1.1161495948191096
frozenset({'whole milk'}),frozenset({'semi-finished bread'}),0.001670787943594199,0.0105797714769361,1.1148247930239075
frozenset({'semi-finished bread'}),frozenset({'whole milk'}),0.001670787943594199,0.176056338028169,1.1148247930239072
"frozenset({'rolls/buns', 'whole milk'})",frozenset({'yogurt'}),0.0013366303548753592,0.09569377990430622,1.1142926293448514
frozenset({'yogurt'}),"frozenset({'rolls/buns', 'whole milk'})",0.0013366303548753592,0.01556420233463035,1.1142926293448512
frozenset({'white bread'}),frozenset({'brown bread'}),0.0010024727661565194,0.04178272980501393,1.1104706679794378
frozenset({'brown bread'}),frozenset({'white bread'}),0.0010024727661565194,0.026642984014209593,1.1104706679794378
frozenset({'beef'}),frozenset({'curd'}),0.0012697988371315912,0.03740157480314961,1.110396356705412
frozenset({'curd'}),frozenset({'beef'}),0.0012697988371315912,0.037698412698412696,1.1103963567054118
frozenset({'yogurt'}),frozenset({'sausage'}),0.005747510525964045,0.0669260700389105,1.1089864739670185
frozenset({'sausage'}),frozenset({'yogurt'}),0.005747510525964045,0.09523809523809523,1.1089864739670185
"frozenset({'rolls/buns', 'other vegetables'})",frozenset({'soda'}),0.0011361358016440553,0.10759493670886075,1.108013102529032
frozenset({'soda'}),"frozenset({'rolls/buns', 'other vegetables'})",0.0011361358016440553,0.011699931176875431,1.108013102529032
frozenset({'frozen vegetables'}),frozenset({'bottled beer'}),0.001403461872619127,0.05011933174224343,1.1060996472849387
frozenset({'bottled beer'}),frozenset({'frozen vegetables'}),0.001403461872619127,0.030973451327433624,1.1060996472849387
frozenset({'frozen vegetables'}),frozenset({'root vegetables'}),0.002138608567800575,0.07637231503579953,1.0977511526231203
frozenset({'root vegetables'}),frozenset({'frozen vegetables'}),0.002138608567800575,0.030739673390970224,1.0977511526231203
"frozenset({'yogurt', 'whole milk'})",frozenset({'rolls/buns'}),0.0013366303548753592,0.11976047904191618,1.0886853267947703
frozenset({'rolls/buns'}),"frozenset({'yogurt', 'whole milk'})",0.0013366303548753592,0.012150668286755772,1.0886853267947703
frozenset({'bottled beer'}),frozenset({'fruit/vegetable juice'}),0.001670787943594199,0.03687315634218289,1.083954888699573
frozenset({'fruit/vegetable juice'}),frozenset({'bottled beer'}),0.001670787943594199,0.049115913555992145,1.083954888699573
"frozenset({'yogurt', 'rolls/buns'})",frozenset({'whole milk'}),0.0013366303548753592,0.17094017094017094,1.0824281751069733
frozenset({'whole milk'}),"frozenset({'yogurt', 'rolls/buns'})",0.0013366303548753592,0.008463817181548879,1.082428175106973
frozenset({'frankfurter'}),frozenset({'brown bread'}),0.0015371249081066632,0.04070796460176992,1.0819063487322973
frozenset({'brown bread'}),frozenset({'frankfurter'}),0.0015371249081066632,0.04085257548845471,1.081906348732297
frozenset({'rolls/buns'}),frozenset({'chocolate'}),0.002806923745238254,0.02551640340218712,1.0815919096513482
frozenset({'chocolate'}),frozenset({'rolls/buns'}),0.002806923745238254,0.11898016997167138,1.081591909651348
frozenset({'hamburger meat'}),frozenset({'bottled beer'}),0.0010693042839002875,0.0489296636085627,1.0798444787240762
frozenset({'bottled beer'}),frozenset({'hamburger meat'}),0.0010693042839002875,0.02359882005899705,1.079844478724076
frozenset({'citrus fruit'}),frozenset({'frozen vegetables'}),0.001603956425850431,0.030188679245283016,1.0780744810194982
frozenset({'frozen vegetables'}),frozenset({'citrus fruit'}),0.001603956425850431,0.05727923627684964,1.0780744810194982
frozenset({'shopping bags'}),frozenset({'dessert'}),0.0012029673193878234,0.025280898876404497,1.0716093197950156
frozenset({'dessert'}),frozenset({'shopping bags'}),0.0012029673193878234,0.0509915014164306,1.0716093197950156
frozenset({'shopping bags'}),frozenset({'cream cheese '}),0.0012029673193878234,0.025280898876404497,1.0685821748238433
frozenset({'cream cheese '}),frozenset({'shopping bags'}),0.0012029673193878234,0.05084745762711865,1.068582174823843
frozenset({'rolls/buns'}),"frozenset({'other vegetables', 'soda'})",0.0011361358016440553,0.010328068043742407,1.0657853940587423
"frozenset({'other vegetables', 'soda'})",frozenset({'rolls/buns'}),0.0011361358016440553,0.11724137931034483,1.0657853940587423
frozenset({'domestic eggs'}),frozenset({'newspapers'}),0.0015371249081066632,0.04144144144144145,1.0654437943097739
frozenset({'newspapers'}),frozenset({'domestic eggs'}),0.0015371249081066632,0.03951890034364261,1.0654437943097737
frozenset({'root vegetables'}),frozenset({'grapes'}),0.0010693042839002875,0.015369836695485112,1.064716974419184
frozenset({'grapes'}),frozenset({'root vegetables'}),0.0010693042839002875,0.07407407407407408,1.064716974419184
frozenset({'beverages'}),frozenset({'bottled water'}),0.0010693042839002875,0.06451612903225808,1.0631661219269577
frozenset({'bottled water'}),frozenset({'beverages'}),0.0010693042839002875,0.01762114537444934,1.0631661219269577
frozenset({'pip fruit'}),frozenset({'berries'}),0.0011361358016440553,0.02316076294277929,1.0630506009595293
frozenset({'berries'}),frozenset({'pip fruit'}),0.0011361358016440553,0.05214723926380368,1.063050600959529
frozenset({'UHT-milk'}),frozenset({'tropical fruit'}),0.0015371249081066632,0.07187500000000001,1.0606169871794875
frozenset({'tropical fruit'}),frozenset({'UHT-milk'}),0.0015371249081066632,0.022682445759368838,1.0606169871794873
frozenset({'detergent'}),frozenset({'rolls/buns'}),0.0010024727661565194,0.11627906976744186,1.0570374975274803
frozenset({'rolls/buns'}),frozenset({'detergent'}),0.0010024727661565194,0.00911300121506683,1.0570374975274803
frozenset({'frankfurter'}),frozenset({'butter'}),0.001403461872619127,0.03716814159292035,1.0553072156638847
frozenset({'butter'}),frozenset({'frankfurter'}),0.001403461872619127,0.039848197343453504,1.0553072156638847
frozenset({'hygiene articles'}),frozenset({'root vegetables'}),0.0010024727661565194,0.07317073170731708,1.0517326210726086
frozenset({'root vegetables'}),frozenset({'hygiene articles'}),0.0010024727661565194,0.01440922190201729,1.0517326210726083
frozenset({'curd'}),frozenset({'frankfurter'}),0.0013366303548753592,0.03968253968253969,1.0509200730439672
frozenset({'frankfurter'}),frozenset({'curd'}),0.0013366303548753592,0.03539823008849558,1.0509200730439672
frozenset({'other vegetables'}),frozenset({'pot plants'}),0.0010024727661565194,0.008210180623973728,1.0499908775770845
frozenset({'pot plants'}),frozenset({'other vegetables'}),0.0010024727661565194,0.1282051282051282,1.0499908775770843
frozenset({'butter'}),frozenset({'bottled beer'}),0.001670787943594199,0.04743833017077799,1.0469317615713143
frozenset({'bottled beer'}),frozenset({'butter'}),0.001670787943594199,0.03687315634218289,1.046931761571314
frozenset({'frozen meals'}),frozenset({'other vegetables'}),0.002138608567800575,0.12749003984063748,1.0441343547539457
frozenset({'other vegetables'}),frozenset({'frozen meals'}),0.002138608567800575,0.01751505199781062,1.0441343547539454
frozenset({'chicken'}),frozenset({'whipped/sour cream'}),0.0012697988371315912,0.045563549160671464,1.0424577768977479
frozenset({'whipped/sour cream'}),frozenset({'chicken'}),0.0012697988371315912,0.0290519877675841,1.0424577768977479
frozenset({'rolls/buns'}),frozenset({'ice cream'}),0.0017376194613379669,0.015795868772782502,1.0412052178288307
frozenset({'ice cream'}),frozenset({'rolls/buns'}),0.0017376194613379669,0.11453744493392069,1.0412052178288307
frozenset({'other vegetables'}),frozenset({'meat'}),0.002138608567800575,0.01751505199781062,1.0399909644573029
frozenset({'meat'}),frozenset({'other vegetables'}),0.002138608567800575,0.126984126984127,1.0399909644573029
frozenset({'root vegetables'}),frozenset({'waffles'}),0.0013366303548753592,0.019212295869356386,1.0378107692894571
frozenset({'waffles'}),frozenset({'root vegetables'}),0.0013366303548753592,0.07220216606498195,1.0378107692894571
frozenset({'butter'}),frozenset({'citrus fruit'}),0.0019381140145692708,0.05502846299810246,1.0357118136359837
frozenset({'citrus fruit'}),frozenset({'butter'}),0.0019381140145692708,0.03647798742138365,1.0357118136359837
frozenset({'hard cheese'}),frozenset({'rolls/buns'}),0.001670787943594199,0.11363636363636365,1.0330139180382194
frozenset({'rolls/buns'}),frozenset({'hard cheese'}),0.001670787943594199,0.015188335358444716,1.0330139180382194
frozenset({'sausage'}),frozenset({'dessert'}),0.0014702933903628951,0.024363233665559245,1.0327112332514532
frozenset({'dessert'}),frozenset({'sausage'}),0.0014702933903628951,0.06232294617563739,1.0327112332514532
frozenset({'detergent'}),frozenset({'whole milk'}),0.001403461872619127,0.1627906976744186,1.0308240411774547
frozenset({'whole milk'}),frozenset({'detergent'}),0.001403461872619127,0.008887008040626322,1.0308240411774545
frozenset({'brown bread'}),frozenset({'pastry'}),0.002004945532313039,0.05328596802841919,1.0301265369628376
frozenset({'pastry'}),frozenset({'brown bread'}),0.002004945532313039,0.03875968992248062,1.0301265369628376
frozenset({'pastry'}),frozenset({'sausage'}),0.003207912851700862,0.06201550387596899,1.0276168156103256
frozenset({'sausage'}),frozenset({'pastry'}),0.003207912851700862,0.05315614617940199,1.0276168156103256
frozenset({'canned beer'}),frozenset({'newspapers'}),0.001871282496825503,0.039886039886039885,1.0254550082728777
frozenset({'newspapers'}),frozenset({'canned beer'}),0.001871282496825503,0.048109965635738834,1.0254550082728777
frozenset({'newspapers'}),frozenset({'butter'}),0.001403461872619127,0.03608247422680412,1.024482090807723
frozenset({'butter'}),frozenset({'newspapers'}),0.001403461872619127,0.039848197343453504,1.024482090807723
frozenset({'canned beer'}),frozenset({'frozen vegetables'}),0.0013366303548753592,0.02849002849002849,1.0174135949792273
frozenset({'frozen vegetables'}),frozenset({'canned beer'}),0.0013366303548753592,0.0477326968973747,1.0174135949792273
frozenset({'soda'}),frozenset({'sausage'}),0.005948005079195348,0.06125258086717137,1.0149749363405152
frozenset({'sausage'}),frozenset({'soda'}),0.005948005079195348,0.09856035437430785,1.0149749363405152
frozenset({'ham'}),frozenset({'whole milk'}),0.0027400922274944863,0.16015624999999997,1.0141421789039355
frozenset({'whole milk'}),frozenset({'ham'}),0.0027400922274944863,0.017350825222175202,1.0141421789039355
frozenset({'frankfurter'}),frozenset({'frozen vegetables'}),0.0010693042839002875,0.028318584070796467,1.0112911060890872
frozenset({'frozen vegetables'}),frozenset({'frankfurter'}),0.0010693042839002875,0.03818615751789976,1.011291106089087
frozenset({'yogurt'}),frozenset({'citrus fruit'}),0.004611374724319989,0.053696498054474705,1.0106423904265471
frozenset({'citrus fruit'}),frozenset({'yogurt'}),0.004611374724319989,0.08679245283018867,1.0106423904265471
frozenset({'root vegetables'}),frozenset({'shopping bags'}),0.003341575887188398,0.04803073967339097,1.0093875810856028
frozenset({'shopping bags'}),frozenset({'root vegetables'}),0.003341575887188398,0.0702247191011236,1.0093875810856026
frozenset({'yogurt'}),frozenset({'hard cheese'}),0.0012697988371315912,0.014785992217898832,1.0056490979837283
frozenset({'hard cheese'}),frozenset({'yogurt'}),0.0012697988371315912,0.08636363636363636,1.0056490979837283
frozenset({'berries'}),frozenset({'other vegetables'}),0.0026732607097507185,0.12269938650306748,1.0048992447977005
frozenset({'other vegetables'}),frozenset({'berries'}),0.0026732607097507185,0.021893814997263273,1.0048992447977005
frozenset({'specialty bar'}),frozenset({'yogurt'}),0.0012029673193878234,0.0861244019138756,1.0028633664103663
frozenset({'yogurt'}),frozenset({'specialty bar'}),0.0012029673193878234,0.014007782101167316,1.002863366410366
frozenset({'sausage'}),frozenset({'salty snack'}),0.0011361358016440553,0.018826135105204873,1.002474945121639
frozenset({'salty snack'}),frozenset({'sausage'}),0.0011361358016440553,0.0604982206405694,1.0024749451216388
frozenset({'frankfurter'}),frozenset({'domestic eggs'}),0.001403461872619127,0.03716814159292035,1.0020664912700312
frozenset({'domestic eggs'}),frozenset({'frankfurter'}),0.001403461872619127,0.03783783783783784,1.0020664912700312
frozenset({'soda'}),frozenset({'grapes'}),0.001403461872619127,0.014452856159669649,1.0011948459126712
frozenset({'grapes'}),frozenset({'soda'}),0.001403461872619127,0.09722222222222221,1.001194845912671
frozenset({'citrus fruit'}),frozenset({'beef'}),0.001804450979081735,0.033962264150943396,1.000349130886941
frozenset({'beef'}),frozenset({'citrus fruit'}),0.001804450979081735,0.0531496062992126,1.000349130886941
frozenset({'rolls/buns'}),frozenset({'fruit/vegetable juice'}),0.003742564993651006,0.034021871202916165,1.0001360683874942
frozenset({'fruit/vegetable juice'}),frozenset({'rolls/buns'}),0.003742564993651006,0.11001964636542241,1.0001360683874942
